Organization Name,Visualization Name,Original URL,Archived URL,Cached?,Timestamp,Archive Date
American Cancer Society,ACS-28-health-18.jpg,https://www.cancer.org/research/acs-research-news/treatment-and-survivorship-news-2025.html,https://web.archive.org/web/20260701120915/https://www.cancer.org/research/acs-research-news/treatment-and-survivorship-news-2025.html,True,2026-07-01 12:09:15,2026-07-01
American Cancer Society,ACS-28-health-19.jpg,https://www.cancer.org/research/acs-research-news/treatment-and-survivorship-news-2025.html,https://web.archive.org/web/20260701120915/https://www.cancer.org/research/acs-research-news/treatment-and-survivorship-news-2025.html,True,2026-07-01 12:09:15,2026-07-01
American Cancer Society,ACS-28-health-20.jpg,https://www.cancer.org/research/acs-research-news/treatment-and-survivorship-news-2025.html,https://web.archive.org/web/20260701120915/https://www.cancer.org/research/acs-research-news/treatment-and-survivorship-news-2025.html,True,2026-07-01 12:09:15,2026-07-01
American Cancer Society,ACS-28-health-22.png,https://www.cancer.org/cancer/risk-prevention/diet-physical-activity/body-weight-and-cancer-risk/body-mass-index-bmi-calculator.html,https://web.archive.org/web/20260701121028/https://www.cancer.org/cancer/risk-prevention/diet-physical-activity/body-weight-and-cancer-risk/body-mass-index-bmi-calculator.html,True,2026-07-01 12:10:28,2026-07-01
American Cancer Society,ACS-28-health-36.jpg,https://www.cancer.org/research/acs-research-highlights/cancer-health-disparities-research/state-of-cancer-disparities-in-united-states-2023.html,https://web.archive.org/web/20260701121033/https://www.cancer.org/research/acs-research-highlights/cancer-health-disparities-research/state-of-cancer-disparities-in-united-states-2023.html,True,2026-07-01 12:10:33,2026-07-01
American Cancer Society,ACS-28-health-37.jpg,https://www.cancer.org/research/acs-research-highlights/cancer-health-disparities-research/state-of-cancer-disparities-in-united-states-2023.html,https://web.archive.org/web/20260701121033/https://www.cancer.org/research/acs-research-highlights/cancer-health-disparities-research/state-of-cancer-disparities-in-united-states-2023.html,True,2026-07-01 12:10:33,2026-07-01
Centers for Medicare & Medicaid Services (CMS),CM&MS-942-health-5.jpg,https://www.cms.gov/newsroom/fact-sheets/community-health-access-and-rural-transformation-chart-model-fact-sheet,https://web.archive.org/web/20260701123311/https://www.cms.gov/newsroom/fact-sheets/community-health-access-and-rural-transformation-chart-model-fact-sheet,True,2026-07-01 12:33:11,2026-07-01
Dana-Farber Cancer Institute,DCI-959-health-125.jpg,https://www.dana-farber.org/for-physicians/clinical-resources/hematologic-malignancies/advances-newsletter/2022-issue-15/advancing-standard-care-newly-diagnosed-relapsed-refractory-multiple-myeloma,https://web.archive.org/web/20260701123322/https://www.dana-farber.org/for-physicians/clinical-resources/hematologic-malignancies/advances-newsletter/2022-issue-15/advancing-standard-care-newly-diagnosed-relapsed-refractory-multiple-myeloma,True,2026-07-01 12:33:22,2026-07-01
Dana-Farber Cancer Institute,DCI-959-health-179.jpg,https://www.dana-farber.org/newsroom/features/the-revolution-continues-in-cellular-therapies,https://web.archive.org/web/20260701121106/https://www.dana-farber.org/newsroom/features/the-revolution-continues-in-cellular-therapies,True,2026-07-01 12:11:06,2026-07-01
Dana-Farber Cancer Institute,DCI-959-health-200.jpg,https://www.dana-farber.org/newsroom/features/improving-cancer-care-for-everyone,https://web.archive.org/web/20260701121125/https://www.dana-farber.org/newsroom/features/improving-cancer-care-for-everyone,True,2026-07-01 12:11:25,2026-07-01
Dana-Farber Cancer Institute,DCI-959-health-234.jpg,https://www.dana-farber.org/newsroom/features/moving-from-patient-to-parent,https://web.archive.org/web/20260701121143/https://www.dana-farber.org/newsroom/features/moving-from-patient-to-parent,True,2026-07-01 12:11:43,2026-07-01
Fogarty International Center,FIC-962-health-11.JPG,https://www.fic.nih.gov/About/Budget/Pages/2019.aspx,https://web.archive.org/web/20260701123337/https://www.fic.nih.gov/About/Budget/Pages/2019.aspx,True,2026-07-01 12:33:37,2026-07-01
Fogarty International Center,FIC-962-health-32.jpg,https://www.fic.nih.gov/About/Budget/Pages/fogarty-nih-congressional-justification-fiscal-year-2020.aspx,https://web.archive.org/web/20260701121335/https://www.fic.nih.gov/About/Budget/Pages/fogarty-nih-congressional-justification-fiscal-year-2020.aspx,True,2026-07-01 12:13:35,2026-07-01
Fogarty International Center,FIC-962-health-20.jpg,https://www.fic.nih.gov/News/GlobalHealthMatters/january-february-2014/Pages/spending-investment-biomedical-research-development.aspx,https://web.archive.org/web/20260701124421/https://www.fic.nih.gov/News/GlobalHealthMatters/january-february-2014/Pages/spending-investment-biomedical-research-development.aspx,False,2026-07-01 12:44:21,2026-07-01
National Cancer Institute ,NCI-1964-health-8.jpg,https://seer.cancer.gov/seerdms/portal/chart-text-4-100.jpg/view,https://web.archive.org/web/20260701121456/https://seer.cancer.gov/seerdms/portal/chart-text-4-100.jpg/view,True,2026-07-01 12:14:56,2026-07-01
National Cancer Institute ,NCI-1964-health-43.png,https://www.cancer.gov/rare-brain-spine-tumor/tumors/meningioma,https://web.archive.org/web/20260701121457/https://www.cancer.gov/rare-brain-spine-tumor/tumors/meningioma,True,2026-07-01 12:14:57,2026-07-01
National Cancer Institute ,NCI-1964-health-47.png,https://www.cancer.gov/rare-brain-spine-tumor/tumors/oligodendroglioma,https://web.archive.org/web/20260701121516/https://www.cancer.gov/rare-brain-spine-tumor/tumors/oligodendroglioma,True,2026-07-01 12:15:16,2026-07-01
National Cancer Institute ,NCI-1962-health-12.jpg,https://dctd.cancer.gov/programs/occam/organization,https://web.archive.org/web/20260701121442/https://dctd.cancer.gov/programs/occam/organization,True,2026-07-01 12:14:42,2026-07-01
National Cancer Institute ,NCI-1964-health-49.png,https://www.cancer.gov/rare-brain-spine-tumor/tumors/oligodendroglioma,https://web.archive.org/web/20260701121516/https://www.cancer.gov/rare-brain-spine-tumor/tumors/oligodendroglioma,True,2026-07-01 12:15:16,2026-07-01
National Cancer Institute ,NCI-1965-health-13.jpg,https://www.cancer.gov/rare-brain-spine-tumor/tumors/medulloblastoma,https://web.archive.org/web/20260701121520/https://www.cancer.gov/rare-brain-spine-tumor/tumors/medulloblastoma,True,2026-07-01 12:15:20,2026-07-01
National Cancer Institute ,NCI-1978-health-194.png,https://docs.gdc.cancer.gov/Data_Portal/Users_Guide/oncomatrix/,https://web.archive.org/web/20260701121652/https://docs.gdc.cancer.gov/Data_Portal/Users_Guide/oncomatrix/,True,2026-07-01 12:16:52,2026-07-01
National Cancer Institute ,NCI-1978-health-195.png,https://docs.gdc.cancer.gov/Data_Portal/Users_Guide/oncomatrix/,https://web.archive.org/web/20260701121652/https://docs.gdc.cancer.gov/Data_Portal/Users_Guide/oncomatrix/,True,2026-07-01 12:16:52,2026-07-01
National Cancer Institute ,NCI-1978-health-239.png,https://docs.gdc.cancer.gov/Data_Portal/Users_Guide/oncomatrix/,https://web.archive.org/web/20260701121652/https://docs.gdc.cancer.gov/Data_Portal/Users_Guide/oncomatrix/,True,2026-07-01 12:16:52,2026-07-01
National Cancer Institute ,NCI-1978-health-293.png,https://docs.gdc.cancer.gov/Data_Portal/Users_Guide/oncomatrix/,https://web.archive.org/web/20260701121652/https://docs.gdc.cancer.gov/Data_Portal/Users_Guide/oncomatrix/,True,2026-07-01 12:16:52,2026-07-01
National Cancer Institute ,NCI-1978-health-302.png,https://docs.gdc.cancer.gov/Data_Portal/Users_Guide/oncomatrix/,https://web.archive.org/web/20260701121652/https://docs.gdc.cancer.gov/Data_Portal/Users_Guide/oncomatrix/,True,2026-07-01 12:16:52,2026-07-01
National Cancer Institute ,NCI-1978-health-351.jpg,https://epi.grants.cancer.gov/hei/interpret-visualize-hei-scores.html,https://web.archive.org/web/20260701124701/https://epi.grants.cancer.gov/hei/interpret-visualize-hei-scores.html,False,2026-07-01 12:47:01,2026-07-01
National Cancer Institute ,NCI-1979-health-101.jpg,https://healthcaredelivery.cancer.gov/about/chart.html,https://web.archive.org/web/20260701124709/https://healthcaredelivery.cancer.gov/about/chart.html,False,2026-07-01 12:47:09,2026-07-01
National Cancer Institute ,NCI-1979-health-70.png,https://docs.gdc.cancer.gov/Data_Portal/Users_Guide/Developers_Guide/,https://web.archive.org/web/20260701124704/https://docs.gdc.cancer.gov/Data_Portal/Users_Guide/Developers_Guide/,False,2026-07-01 12:47:04,2026-07-01
National Cancer Institute ,NCI-1983-health-11.png,https://bioinformatics.ccr.cancer.gov/docs/r_for_novices/Data_Visualization_with_R/PlotCustomization/,https://web.archive.org/web/20260701121810/https://bioinformatics.ccr.cancer.gov/docs/r_for_novices/Data_Visualization_with_R/PlotCustomization/,True,2026-07-01 12:18:10,2026-07-01
National Cancer Institute ,NCI-1990-health-22.png,https://bioinformatics.ccr.cancer.gov/docs/btep-coding-club/CC2024/ggpubr/Intro_to_ggpubr/,https://web.archive.org/web/20260701121824/https://bioinformatics.ccr.cancer.gov/docs/btep-coding-club/CC2024/ggpubr/Intro_to_ggpubr/,True,2026-07-01 12:18:24,2026-07-01
National Cancer Institute ,NCI-1990-health-25.png,https://bioinformatics.ccr.cancer.gov/docs/btep-coding-club/CC2024/ggpubr/Intro_to_ggpubr/,https://web.archive.org/web/20260701121824/https://bioinformatics.ccr.cancer.gov/docs/btep-coding-club/CC2024/ggpubr/Intro_to_ggpubr/,True,2026-07-01 12:18:24,2026-07-01
National Cancer Institute ,NCI-1989-health-32.jpg,https://ncifrederick.cancer.gov/about/theposter/content/new-safety-policy-reduces-injuries-one-fourth,https://web.archive.org/web/20260701124835/https://ncifrederick.cancer.gov/about/theposter/content/new-safety-policy-reduces-injuries-one-fourth,False,2026-07-01 12:48:35,2026-07-01
National Cancer Institute ,NCI-1997-health-42.jpg,https://dctd.cancer.gov/programs/rrp/about,https://web.archive.org/web/20260701121930/https://dctd.cancer.gov/programs/rrp/about,True,2026-07-01 12:19:30,2026-07-01
National Cancer Institute ,NCI-1994-health-14.png,https://bioinformatics.ccr.cancer.gov/docs/data-visualization-with-r/Lesson4_intro_to_ggplot/,https://web.archive.org/web/20260701124854/https://bioinformatics.ccr.cancer.gov/docs/data-visualization-with-r/Lesson4_intro_to_ggplot/,False,2026-07-01 12:48:54,2026-07-01
National Cancer Institute ,NCI-1992-health-26.jpg,https://seer.cancer.gov/registries/characteristics.html,https://web.archive.org/web/20260701124852/https://seer.cancer.gov/registries/characteristics.html,False,2026-07-01 12:48:52,2026-07-01
National Cancer Institute ,NCI-1998-health-40.png,https://bioinformatics.ccr.cancer.gov/docs/data-wrangle-with-r/Practice_Exercises/Lesson4_practice/,https://web.archive.org/web/20260701121943/https://bioinformatics.ccr.cancer.gov/docs/data-wrangle-with-r/Practice_Exercises/Lesson4_practice/,True,2026-07-01 12:19:43,2026-07-01
National Cancer Institute ,NCI-2005-health-77.png,https://docs.gdc.cancer.gov/Data_Portal/Users_Guide/gene_expression_clustering/,https://web.archive.org/web/20260701122006/https://docs.gdc.cancer.gov/Data_Portal/Users_Guide/gene_expression_clustering/,True,2026-07-01 12:20:06,2026-07-01
National Cancer Institute ,NCI-2005-health-85.png,https://docs.gdc.cancer.gov/Data_Portal/Users_Guide/gene_expression_clustering/,https://web.archive.org/web/20260701122006/https://docs.gdc.cancer.gov/Data_Portal/Users_Guide/gene_expression_clustering/,True,2026-07-01 12:20:06,2026-07-01
National Cancer Institute ,NCI-2005-health-54.png,https://docs.gdc.cancer.gov/Data_Portal/Users_Guide/gene_expression_clustering/,https://web.archive.org/web/20260701122006/https://docs.gdc.cancer.gov/Data_Portal/Users_Guide/gene_expression_clustering/,True,2026-07-01 12:20:06,2026-07-01
National Cancer Institute ,NCI-2005-health-103.png,https://docs.gdc.cancer.gov/Data_Portal/Users_Guide/gene_expression_clustering/,https://web.archive.org/web/20260701122006/https://docs.gdc.cancer.gov/Data_Portal/Users_Guide/gene_expression_clustering/,True,2026-07-01 12:20:06,2026-07-01
National Cancer Institute ,NCI-2006-health-16.png,https://dctd.cancer.gov/research/networks/precision-medicine-oncology/cimac-cidc,https://web.archive.org/web/20260701122139/https://dctd.cancer.gov/research/networks/precision-medicine-oncology/cimac-cidc,True,2026-07-01 12:21:39,2026-07-01
National Cancer Institute ,NCI-2007-health-57.jpg,https://progressreport.cancer.gov/prevention/weight,https://web.archive.org/web/20260701122109/https://progressreport.cancer.gov/prevention/weight,True,2026-07-01 12:21:09,2026-07-01
National Cancer Institute ,NCI-2007-health-50.jpg,https://progressreport.cancer.gov/prevention/weight,https://web.archive.org/web/20260701122109/https://progressreport.cancer.gov/prevention/weight,True,2026-07-01 12:21:09,2026-07-01
National Cancer Institute ,NCI-2007-health-62.jpg,https://progressreport.cancer.gov/prevention/weight,https://web.archive.org/web/20260701122109/https://progressreport.cancer.gov/prevention/weight,True,2026-07-01 12:21:09,2026-07-01
National Cancer Institute ,NCI-2007-health-51.jpg,https://progressreport.cancer.gov/prevention/weight,https://web.archive.org/web/20260701122109/https://progressreport.cancer.gov/prevention/weight,True,2026-07-01 12:21:09,2026-07-01
National Cancer Institute ,NCI-2007-health-65.jpg,https://progressreport.cancer.gov/prevention/weight,https://web.archive.org/web/20260701122109/https://progressreport.cancer.gov/prevention/weight,True,2026-07-01 12:21:09,2026-07-01
National Cancer Institute ,NCI-2007-health-74.jpg,https://progressreport.cancer.gov/prevention/weight,https://web.archive.org/web/20260701122109/https://progressreport.cancer.gov/prevention/weight,True,2026-07-01 12:21:09,2026-07-01
National Cancer Institute ,NCI-2007-health-75.jpg,https://progressreport.cancer.gov/prevention/weight,https://web.archive.org/web/20260701122109/https://progressreport.cancer.gov/prevention/weight,True,2026-07-01 12:21:09,2026-07-01
National Cancer Institute ,NCI-2007-health-100.jpg,https://progressreport.cancer.gov/prevention/weight,https://web.archive.org/web/20260701122109/https://progressreport.cancer.gov/prevention/weight,True,2026-07-01 12:21:09,2026-07-01
National Cancer Institute ,NCI-2007-health-108.jpg,https://progressreport.cancer.gov/prevention/weight,https://web.archive.org/web/20260701122109/https://progressreport.cancer.gov/prevention/weight,True,2026-07-01 12:21:09,2026-07-01
National Cancer Institute ,NCI-2007-health-111.jpg,https://progressreport.cancer.gov/prevention/weight,https://web.archive.org/web/20260701122109/https://progressreport.cancer.gov/prevention/weight,True,2026-07-01 12:21:09,2026-07-01
National Cancer Institute ,NCI-2007-health-112.jpg,https://progressreport.cancer.gov/prevention/weight,https://web.archive.org/web/20260701122109/https://progressreport.cancer.gov/prevention/weight,True,2026-07-01 12:21:09,2026-07-01
National Cancer Institute ,NCI-2007-health-123.jpg,https://progressreport.cancer.gov/prevention/weight,https://web.archive.org/web/20260701122109/https://progressreport.cancer.gov/prevention/weight,True,2026-07-01 12:21:09,2026-07-01
National Cancer Institute ,NCI-2007-health-114.jpg,https://progressreport.cancer.gov/prevention/weight,https://web.archive.org/web/20260701122109/https://progressreport.cancer.gov/prevention/weight,True,2026-07-01 12:21:09,2026-07-01
National Cancer Institute ,NCI-2007-health-113.jpg,https://progressreport.cancer.gov/prevention/weight,https://web.archive.org/web/20260701122109/https://progressreport.cancer.gov/prevention/weight,True,2026-07-01 12:21:09,2026-07-01
National Cancer Institute ,NCI-2007-health-125.jpg,https://progressreport.cancer.gov/prevention/weight,https://web.archive.org/web/20260701122109/https://progressreport.cancer.gov/prevention/weight,True,2026-07-01 12:21:09,2026-07-01
National Cancer Institute ,NCI-2007-health-132.jpg,https://progressreport.cancer.gov/prevention/weight,https://web.archive.org/web/20260701122109/https://progressreport.cancer.gov/prevention/weight,True,2026-07-01 12:21:09,2026-07-01
National Cancer Institute ,NCI-2007-health-134.jpg,https://progressreport.cancer.gov/prevention/weight,https://web.archive.org/web/20260701122109/https://progressreport.cancer.gov/prevention/weight,True,2026-07-01 12:21:09,2026-07-01
National Cancer Institute ,NCI-2008-health-12.png,https://bioinformatics.ccr.cancer.gov/docs/bioinformatics-for-beginners-2025/Module2_RNA_Sequencing/Lesson7/,https://web.archive.org/web/20260701125303/https://bioinformatics.ccr.cancer.gov/docs/bioinformatics-for-beginners-2025/Module2_RNA_Sequencing/Lesson7/,False,2026-07-01 12:53:03,2026-07-01
National Cancer Institute ,NCI-2008-health-20.png,https://bioinformatics.ccr.cancer.gov/docs/bioinformatics-for-beginners-2025/Module2_RNA_Sequencing/Lesson7/,https://web.archive.org/web/20260701125303/https://bioinformatics.ccr.cancer.gov/docs/bioinformatics-for-beginners-2025/Module2_RNA_Sequencing/Lesson7/,True,2026-07-01 12:53:03,2026-07-01
National Cancer Institute ,NCI-2008-health-29.png,https://bioinformatics.ccr.cancer.gov/docs/bioinformatics-for-beginners-2025/Module2_RNA_Sequencing/Lesson7/,https://web.archive.org/web/20260701125303/https://bioinformatics.ccr.cancer.gov/docs/bioinformatics-for-beginners-2025/Module2_RNA_Sequencing/Lesson7/,True,2026-07-01 12:53:03,2026-07-01
National Cancer Institute ,NCI-2010-health-118.jpg,https://dceg.cancer.gov/research/who-we-study/cohorts/hacm-methods,https://web.archive.org/web/20260701125448/https://dceg.cancer.gov/research/who-we-study/cohorts/hacm-methods,False,2026-07-01 12:54:48,2026-07-01
National Cancer Institute ,NCI-2010-health-73.png,https://docs.gdc.cancer.gov/Data_Portal/Users_Guide/proteinpaint_bam/,https://web.archive.org/web/20260218194741/https://docs.gdc.cancer.gov/Data_Portal/Users_Guide/proteinpaint_bam/,True,2026-02-18 19:47:41,2026-02-18
National Cancer Institute ,NCI-2010-health-90.png,https://docs.gdc.cancer.gov/Data_Portal/Users_Guide/proteinpaint_bam/,https://web.archive.org/web/20260218194741/https://docs.gdc.cancer.gov/Data_Portal/Users_Guide/proteinpaint_bam/,True,2026-02-18 19:47:41,2026-02-18
National Cancer Institute ,NCI-2011-health-21.png,https://prevention.cancer.gov/news-and-events/news/ulacnet-update-august-2024,https://web.archive.org/web/20260701125508/https://prevention.cancer.gov/news-and-events/news/ulacnet-update-august-2024,False,2026-07-01 12:55:08,2026-07-01
National Eye Institute,NEI-2025-health-17.png,https://www.nei.nih.gov/grants-and-funding/how-to-apply/resources-researchers/technology-transfer-nei/cep-290-aav-treatment-retinal-degeneration,https://web.archive.org/web/20260701125513/https://www.nei.nih.gov/grants-and-funding/how-to-apply/resources-researchers/technology-transfer-nei/cep-290-aav-treatment-retinal-degeneration,False,2026-07-01 12:55:13,2026-07-01
National Eye Institute,NEI-2030-health-19.jpg,https://www.nei.nih.gov/research-and-training/research-news/vision-loss-children-whose-eyesight-may-be-2020-requires-new-diagnostic-and-teaching-strategies,https://web.archive.org/web/20260701125516/https://www.nei.nih.gov/research-and-training/research-news/vision-loss-children-whose-eyesight-may-be-2020-requires-new-diagnostic-and-teaching-strategies,False,2026-07-01 12:55:16,2026-07-01
"National Heart, Lung, and Blood Institute",NHLBI-2034-health-19.png,https://www.phenxtoolkit.org/protocols/view/860602,https://web.archive.org/web/20260701125627/https://www.phenxtoolkit.org/protocols/view/860602,False,2026-07-01 12:56:27,2026-07-01
"National Heart, Lung, and Blood Institute",NHLBI-2035-health-23.jpg,https://www.phenxtoolkit.org/protocols/view/40301,https://web.archive.org/web/20260701125632/https://www.phenxtoolkit.org/protocols/view/40301,False,2026-07-01 12:56:32,2026-07-01
National Institute of Health (NIH),NIH-2096-health-15.jpg,https://www.nlm.nih.gov/hmd/about/medical-treasures.html,https://web.archive.org/web/20260701125757/https://www.nlm.nih.gov/hmd/about/medical-treasures.html,False,2026-07-01 12:57:57,2026-07-01
National Institute of Health (NIH),NIH-2097-health-113.png,https://www.nlm.nih.gov/oet/ed/stats/01-400.html,https://web.archive.org/web/20260701125801/https://www.nlm.nih.gov/oet/ed/stats/01-400.html,False,2026-07-01 12:58:01,2026-07-01
National Institute of Health (NIH),NIH-2097-health-126.png,https://www.nlm.nih.gov/oet/ed/stats/03-100.html,https://web.archive.org/web/20251105032459/https://www.nlm.nih.gov/oet/ed/stats/03-100.html,True,2025-11-05 03:24:59,2025-11-05
National Institute of Health (NIH),NIH-2099-health-19.jpg,https://www.niehs.nih.gov/news/factor/2024/9/feature/1-feature-report-back,https://web.archive.org/web/20260701125824/https://www.niehs.nih.gov/news/factor/2024/9/feature/1-feature-report-back,False,2026-07-01 12:58:24,2026-07-01
National Institute of Health (NIH),NIH-2100-health-45.jpg,https://www.nlm.nih.gov/exhibition/forallthepeople/carousel42.html,https://web.archive.org/web/20260701125926/https://www.nlm.nih.gov/exhibition/forallthepeople/carousel42.html,False,2026-07-01 12:59:26,2026-07-01
National Institute of Health (NIH),NIH-2102-health-58.jpg,https://www.nichd.nih.gov/newsroom/releases/092915-fetal-growth,https://web.archive.org/web/20260701125936/https://www.nichd.nih.gov/newsroom/releases/092915-fetal-growth,False,2026-07-01 12:59:36,2026-07-01
National Institute of Health (NIH),NIH-2102-health-64.jpg,https://www.nccih.nih.gov/health/know-science/how-medications-and-supplements-can-interact/tips-on-reading-supplement-labels,https://web.archive.org/web/20260701125944/https://www.nccih.nih.gov/health/know-science/how-medications-and-supplements-can-interact/tips-on-reading-supplement-labels,False,2026-07-01 12:59:44,2026-07-01
National Institute of Health (NIH),NIH-2104-health-9.jpg,https://www.niehs.nih.gov/news/factor/2024/4/science-highlights/rna-mod-report,https://web.archive.org/web/20260701130014/https://www.niehs.nih.gov/news/factor/2024/4/science-highlights/rna-mod-report,False,2026-07-01 13:00:14,2026-07-01
National Institute of Health (NIH),NIH-2109-health-41.png,https://www.genome.gov/research-at-nhgri/projects/KwashNet,https://web.archive.org/web/20260701130104/https://www.genome.gov/research-at-nhgri/projects/KwashNet,False,2026-07-01 13:01:04,2026-07-01
National Institute of Health (NIH),NIH-2110-health-31.jpg,https://www.niehs.nih.gov/news/factor/2024/10/science-highlights/climate-health,https://web.archive.org/web/20260701130136/https://www.niehs.nih.gov/news/factor/2024/10/science-highlights/climate-health,False,2026-07-01 13:01:36,2026-07-01
National Institute of Health (NIH),NIH-2110-health-52.jpg,https://www.nlm.nih.gov/about/2010CJ.html,https://web.archive.org/web/20260701130148/https://www.nlm.nih.gov/about/2010CJ.html,False,2026-07-01 13:01:48,2026-07-01
National Institute of Health (NIH),NIH-2111-health-53.png,https://www.nlm.nih.gov/about/2011CJ.html,https://web.archive.org/web/20260701130216/https://www.nlm.nih.gov/about/2011CJ.html,False,2026-07-01 13:02:16,2026-07-01
National Institute of Health (NIH),NIH-2113-health-67.jpg,https://www.niddk.nih.gov/research-funding/funded-grants-grant-history/funding-trends-support-guiding-principles,https://web.archive.org/web/20260701130258/https://www.niddk.nih.gov/research-funding/funded-grants-grant-history/funding-trends-support-guiding-principles,False,2026-07-01 13:02:58,2026-07-01
National Institute of Health (NIH),NIH-2113-health-69.jpg,https://www.niddk.nih.gov/research-funding/funded-grants-grant-history/funding-trends-support-guiding-principles,https://web.archive.org/web/20260701130258/https://www.niddk.nih.gov/research-funding/funded-grants-grant-history/funding-trends-support-guiding-principles,False,2026-07-01 13:02:58,2026-07-01
National Institute of Health (NIH),NIH-2113-health-77.jpg,https://www.niddk.nih.gov/research-funding/funded-grants-grant-history/funding-trends-support-guiding-principles,https://web.archive.org/web/20260701130258/https://www.niddk.nih.gov/research-funding/funded-grants-grant-history/funding-trends-support-guiding-principles,True,2026-07-01 13:02:58,2026-07-01
National Institute of Health (NIH),NIH-2113-health-78.jpg,https://www.niddk.nih.gov/research-funding/funded-grants-grant-history/funding-trends-support-guiding-principles,https://web.archive.org/web/20260701130258/https://www.niddk.nih.gov/research-funding/funded-grants-grant-history/funding-trends-support-guiding-principles,True,2026-07-01 13:02:58,2026-07-01
National Institute of Health (NIH),NIH-2113-health-83.jpg,https://www.niddk.nih.gov/research-funding/funded-grants-grant-history/funding-trends-support-guiding-principles,https://web.archive.org/web/20260701130258/https://www.niddk.nih.gov/research-funding/funded-grants-grant-history/funding-trends-support-guiding-principles,True,2026-07-01 13:02:58,2026-07-01
National Institute of Health (NIH),NIH-2113-health-92.jpg,https://www.niddk.nih.gov/research-funding/funded-grants-grant-history/funding-trends-support-guiding-principles,https://web.archive.org/web/20260701130258/https://www.niddk.nih.gov/research-funding/funded-grants-grant-history/funding-trends-support-guiding-principles,True,2026-07-01 13:02:58,2026-07-01
National Institute of Health (NIH),NIH-2113-health-101.jpg,https://www.niddk.nih.gov/research-funding/funded-grants-grant-history/funding-trends-support-guiding-principles,https://web.archive.org/web/20260701130258/https://www.niddk.nih.gov/research-funding/funded-grants-grant-history/funding-trends-support-guiding-principles,True,2026-07-01 13:02:58,2026-07-01
National Institute of Health (NIH),NIH-2113-health-117.jpg,https://www.niehs.nih.gov/news/factor/2021/2/beyond-the-bench/top-20,https://web.archive.org/web/20260701130353/https://www.niehs.nih.gov/news/factor/2021/2/beyond-the-bench/top-20,False,2026-07-01 13:03:53,2026-07-01
National Institute of Health (NIH),NIH-2113-health-116.jpg,https://www.niehs.nih.gov/news/factor/2021/2/beyond-the-bench/top-20,https://web.archive.org/web/20260701130353/https://www.niehs.nih.gov/news/factor/2021/2/beyond-the-bench/top-20,False,2026-07-01 13:03:53,2026-07-01
National Institute of Health (NIH),NIH-2115-health-10.png,https://www.nimh.nih.gov/about/budget/fy-2019-budget-congressional-justification,https://web.archive.org/web/20260701130402/https://www.nimh.nih.gov/about/budget/fy-2019-budget-congressional-justification,False,2026-07-01 13:04:02,2026-07-01
National Institute of Health (NIH),NIH-2115-health-12.png,https://www.nimh.nih.gov/about/budget/fy-2019-budget-congressional-justification,https://web.archive.org/web/20260701130402/https://www.nimh.nih.gov/about/budget/fy-2019-budget-congressional-justification,True,2026-07-01 13:04:02,2026-07-01
National Institute of Health (NIH),NIH-2115-health-11.png,https://www.nimh.nih.gov/about/budget/fy-2019-budget-congressional-justification,https://web.archive.org/web/20260701130402/https://www.nimh.nih.gov/about/budget/fy-2019-budget-congressional-justification,True,2026-07-01 13:04:02,2026-07-01
National Institute of Health (NIH),NIH-2115-health-46.jpg,https://www.cancer.gov/news-events/cancer-currents-blog/2022/overdue-cervical-cancer-screening-increasing,https://web.archive.org/web/20260701130453/https://www.cancer.gov/news-events/cancer-currents-blog/2022/overdue-cervical-cancer-screening-increasing,False,2026-07-01 13:04:53,2026-07-01
National Institute of Health (NIH),NIH-2117-health-9.png,https://www.niaaa.nih.gov/publications/surveillance-reports/surveillance76,https://web.archive.org/web/20260701130506/https://www.niaaa.nih.gov/publications/surveillance-reports/surveillance76,False,2026-07-01 13:05:06,2026-07-01
National Institute of Health (NIH),NIH-2117-health-8.png,https://www.niaaa.nih.gov/publications/surveillance-reports/surveillance76,https://web.archive.org/web/20260701130506/https://www.niaaa.nih.gov/publications/surveillance-reports/surveillance76,False,2026-07-01 13:05:06,2026-07-01
National Institute of Health (NIH),NIH-2117-health-10.png,https://www.niaaa.nih.gov/publications/surveillance-reports/surveillance76,https://web.archive.org/web/20260701130506/https://www.niaaa.nih.gov/publications/surveillance-reports/surveillance76,True,2026-07-01 13:05:06,2026-07-01
National Institute of Health (NIH),NIH-2117-health-11.png,https://www.niaaa.nih.gov/publications/surveillance-reports/surveillance76,https://web.archive.org/web/20260701130506/https://www.niaaa.nih.gov/publications/surveillance-reports/surveillance76,True,2026-07-01 13:05:06,2026-07-01
National Institute of Health (NIH),NIH-2117-health-14.png,https://www.niaaa.nih.gov/publications/surveillance-reports/surveillance76,https://web.archive.org/web/20260701130506/https://www.niaaa.nih.gov/publications/surveillance-reports/surveillance76,True,2026-07-01 13:05:06,2026-07-01
National Institute of Health (NIH),NIH-2117-health-16.png,https://www.niaaa.nih.gov/publications/surveillance-reports/surveillance76,https://web.archive.org/web/20260701130506/https://www.niaaa.nih.gov/publications/surveillance-reports/surveillance76,True,2026-07-01 13:05:06,2026-07-01
National Institute of Health (NIH),NIH-2119-health-61.png,https://www.nlm.nih.gov/about/2020CJ.html,https://web.archive.org/web/20260701130627/https://www.nlm.nih.gov/about/2020CJ.html,False,2026-07-01 13:06:27,2026-07-01
National Institute of Health (NIH),NIH-2119-health-6.png,https://www.nlm.nih.gov/about/2014CJ.html,https://web.archive.org/web/20260701130629/https://www.nlm.nih.gov/about/2014CJ.html,False,2026-07-01 13:06:29,2026-07-01
National Institute of Health (NIH),NIH-2119-health-11.png,https://www.nlm.nih.gov/about/2022CJ.html,https://web.archive.org/web/20260701130634/https://www.nlm.nih.gov/about/2022CJ.html,False,2026-07-01 13:06:34,2026-07-01
National Institute of Health (NIH),NIH-2119-health-72.png,https://www.nimh.nih.gov/about/budget/fy-2017-budget-congressional-justification,https://web.archive.org/web/20260624201935/https://www.nimh.nih.gov/about/budget/fy-2017-budget-congressional-justification,True,2026-06-24 20:19:35,2026-06-24
National Institute of Health (NIH),NIH-2119-health-71.png,https://www.nimh.nih.gov/about/budget/fy-2017-budget-congressional-justification,https://web.archive.org/web/20260624201935/https://www.nimh.nih.gov/about/budget/fy-2017-budget-congressional-justification,True,2026-06-24 20:19:35,2026-06-24
National Institute of Health (NIH),NIH-2120-health-54.png,https://www.nlm.nih.gov/about/2007CJ.html,https://web.archive.org/web/20260701130756/https://www.nlm.nih.gov/about/2007CJ.html,False,2026-07-01 13:07:56,2026-07-01
National Institute of Health (NIH),NIH-2120-health-55.png,https://www.nlm.nih.gov/about/2007CJ.html,https://web.archive.org/web/20260701130756/https://www.nlm.nih.gov/about/2007CJ.html,True,2026-07-01 13:07:56,2026-07-01
National Institute of Health (NIH),NIH-2121-health-17.jpg,https://www.nlm.nih.gov/about/2012CJ.html,https://web.archive.org/web/20260701130821/https://www.nlm.nih.gov/about/2012CJ.html,False,2026-07-01 13:08:21,2026-07-01
National Institute of Health (NIH),NIH-2121-health-3.jpg,https://www.nimh.nih.gov/news/science-updates/2011/our-brains-are-made-of-the-same-stuff-despite-dna-differences,https://web.archive.org/web/20260701130912/https://www.nimh.nih.gov/news/science-updates/2011/our-brains-are-made-of-the-same-stuff-despite-dna-differences,False,2026-07-01 13:09:12,2026-07-01
National Institute of Health (NIH),NIH-2121-health-20.jpg,https://www.nlm.nih.gov/about/2012CJ.html,https://web.archive.org/web/20260701130821/https://www.nlm.nih.gov/about/2012CJ.html,True,2026-07-01 13:08:21,2026-07-01
National Institute of Health (NIH),NIH-2121-health-34.png,https://dpcpsi.nih.gov/proposed-reorg-establish-oriva-orepa,https://web.archive.org/web/20260701130931/https://dpcpsi.nih.gov/proposed-reorg-establish-oriva-orepa,False,2026-07-01 13:09:31,2026-07-01
National Institute of Health (NIH),NIH-2121-health-58.jpg,https://www.niams.nih.gov/about/budget/fy2018/congressional-justification,https://web.archive.org/web/20260701130947/https://www.niams.nih.gov/about/budget/fy2018/congressional-justification,False,2026-07-01 13:09:47,2026-07-01
National Institute of Health (NIH),NIH-2121-health-57.jpg,https://www.niams.nih.gov/about/budget/fy2018/congressional-justification,https://web.archive.org/web/20260701130947/https://www.niams.nih.gov/about/budget/fy2018/congressional-justification,False,2026-07-01 13:09:47,2026-07-01
National Institute of Health (NIH),NIH-2121-health-61.jpg,https://www.niams.nih.gov/about/budget/fy2018/congressional-justification,https://web.archive.org/web/20260701130947/https://www.niams.nih.gov/about/budget/fy2018/congressional-justification,True,2026-07-01 13:09:47,2026-07-01
National Institute of Health (NIH),NIH-2122-health-9.png,https://www.nlm.nih.gov/about/2004CJ.html,https://web.archive.org/web/20260701131012/https://www.nlm.nih.gov/about/2004CJ.html,False,2026-07-01 13:10:12,2026-07-01
National Institute of Health (NIH),NIH-2122-health-39.png,https://www.niddk.nih.gov/health-information/diagnostic-tests/a1c-test,https://web.archive.org/web/20260701131018/https://www.niddk.nih.gov/health-information/diagnostic-tests/a1c-test,False,2026-07-01 13:10:18,2026-07-01
National Institute of Health (NIH),NIH-2122-health-48.jpg,https://www.nlm.nih.gov/hmd/arabic/physiognomy2.html,https://web.archive.org/web/20260701131031/https://www.nlm.nih.gov/hmd/arabic/physiognomy2.html,False,2026-07-01 13:10:31,2026-07-01
National Institute of Health (NIH),NIH-2123-health-41.png,https://www.niaaa.nih.gov/grants-funding/manage-your-award/niaaa-success-rate-history-and-funding-curves,https://web.archive.org/web/20260701131138/https://reporter.nih.gov/search/JbRgAtchAUKHOoW2X1vObQ/projects?agencies=NIAAA,False,2026-07-01 13:11:38,2026-07-01
National Institute of Health (NIH),NIH-2123-health-48.png,https://www.nlm.nih.gov/about/2019CJ.html,https://web.archive.org/web/20260701131151/https://www.nlm.nih.gov/about/2019CJ.html,False,2026-07-01 13:11:51,2026-07-01
National Institute of Health (NIH),NIH-2123-health-49.png,https://www.nlm.nih.gov/about/2019CJ.html,https://web.archive.org/web/20260701131151/https://www.nlm.nih.gov/about/2019CJ.html,True,2026-07-01 13:11:51,2026-07-01
National Institute of Health (NIH),NIH-2124-health-59.jpg,https://www.niams.nih.gov/about/budget/fy2015/congressional-justification,https://web.archive.org/web/20260701131210/https://www.niams.nih.gov/about/budget/fy2015/congressional-justification,True,2026-07-01 13:12:10,2026-07-01
National Institute of Health (NIH),NIH-2124-health-58.jpg,https://www.niams.nih.gov/about/budget/fy2015/congressional-justification,https://web.archive.org/web/20260701131210/https://www.niams.nih.gov/about/budget/fy2015/congressional-justification,False,2026-07-01 13:12:10,2026-07-01
National Institute of Health (NIH),NIH-2124-health-60.jpg,https://www.niams.nih.gov/about/budget/fy2015/congressional-justification,https://web.archive.org/web/20260701131210/https://www.niams.nih.gov/about/budget/fy2015/congressional-justification,True,2026-07-01 13:12:10,2026-07-01
National Institute of Health (NIH),NIH-2124-health-61.jpg,https://www.niams.nih.gov/about/budget/fy2015/congressional-justification,https://web.archive.org/web/20260701131210/https://www.niams.nih.gov/about/budget/fy2015/congressional-justification,True,2026-07-01 13:12:10,2026-07-01
National Institute of Health (NIH),NIH-2124-health-63.jpg,https://www.niams.nih.gov/about/budget/fy2015/congressional-justification,https://web.archive.org/web/20260701131210/https://www.niams.nih.gov/about/budget/fy2015/congressional-justification,True,2026-07-01 13:12:10,2026-07-01
National Institute of Health (NIH),NIH-2125-health-29.jpg,https://www.nccih.nih.gov/about/budget/congressional/fy2019,https://web.archive.org/web/20260701131301/https://www.nccih.nih.gov/about/budget/congressional/fy2019,False,2026-07-01 13:13:01,2026-07-01
National Institute of Health (NIH),NIH-2125-health-42.jpg,https://www.niams.nih.gov/about/budget/fy2017/congressional-justification,https://web.archive.org/web/20260701131303/https://www.niams.nih.gov/about/budget/fy2017/congressional-justification,False,2026-07-01 13:13:03,2026-07-01
National Institute of Health (NIH),NIH-2125-health-43.jpg,https://www.niams.nih.gov/about/budget/fy2017/congressional-justification,https://web.archive.org/web/20260701131303/https://www.niams.nih.gov/about/budget/fy2017/congressional-justification,True,2026-07-01 13:13:03,2026-07-01
National Institute of Health (NIH),NIH-2125-health-44.jpg,https://www.niams.nih.gov/about/budget/fy2017/congressional-justification,https://web.archive.org/web/20260701131303/https://www.niams.nih.gov/about/budget/fy2017/congressional-justification,True,2026-07-01 13:13:03,2026-07-01
National Institute of Health (NIH),NIH-2125-health-45.jpg,https://www.niams.nih.gov/about/budget/fy2017/congressional-justification,https://web.archive.org/web/20260701131303/https://www.niams.nih.gov/about/budget/fy2017/congressional-justification,True,2026-07-01 13:13:03,2026-07-01
National Institute of Health (NIH),NIH-2126-health-10.png,https://www.nccih.nih.gov/about/budget/congressional/fy2024,https://web.archive.org/web/20260701131340/https://www.nccih.nih.gov/about/budget/congressional/fy2024,False,2026-07-01 13:13:40,2026-07-01
National Institute of Health (NIH),NIH-2126-health-33.png,https://www.nlm.nih.gov/about/2018CJ.html,https://web.archive.org/web/20260701131445/https://www.nlm.nih.gov/about/2018CJ.html,True,2026-07-01 13:14:45,2026-07-01
National Institute of Health (NIH),NIH-2126-health-32.png,https://www.nlm.nih.gov/about/2018CJ.html,https://web.archive.org/web/20260701131445/https://www.nlm.nih.gov/about/2018CJ.html,False,2026-07-01 13:14:45,2026-07-01
National Institute of Health (NIH),NIH-2126-health-35.png,https://www.nlm.nih.gov/about/2018CJ.html,https://web.archive.org/web/20260701131445/https://www.nlm.nih.gov/about/2018CJ.html,True,2026-07-01 13:14:45,2026-07-01
National Institute of Health (NIH),NIH-2126-health-48.jpg,https://www.niddk.nih.gov/health-information/health-statistics/overweight-obesity,https://web.archive.org/web/20260701131510/https://www.niddk.nih.gov/health-information/health-statistics/overweight-obesity,True,2026-07-01 13:15:10,2026-07-01
National Institute of Health (NIH),NIH-2126-health-46.jpg,https://www.niddk.nih.gov/health-information/health-statistics/overweight-obesity,https://web.archive.org/web/20260701131510/https://www.niddk.nih.gov/health-information/health-statistics/overweight-obesity,False,2026-07-01 13:15:10,2026-07-01
National Institute of Health (NIH),NIH-2126-health-47.jpg,https://www.niddk.nih.gov/health-information/health-statistics/overweight-obesity,https://web.archive.org/web/20260701131510/https://www.niddk.nih.gov/health-information/health-statistics/overweight-obesity,True,2026-07-01 13:15:10,2026-07-01
National Institute of Health (NIH),NIH-2126-health-62.jpg,https://www.niddk.nih.gov/health-information/health-statistics/overweight-obesity,https://web.archive.org/web/20260701131510/https://www.niddk.nih.gov/health-information/health-statistics/overweight-obesity,True,2026-07-01 13:15:10,2026-07-01
National Institute of Health (NIH),NIH-2126-health-65.jpg,https://www.niddk.nih.gov/health-information/health-statistics/overweight-obesity,https://web.archive.org/web/20260701131510/https://www.niddk.nih.gov/health-information/health-statistics/overweight-obesity,True,2026-07-01 13:15:10,2026-07-01
National Institute of Health (NIH),NIH-2126-health-71.png,https://www.nccih.nih.gov/about/budget/congressional/fy2017,https://web.archive.org/web/20260701131648/https://www.nccih.nih.gov/about/budget/congressional/fy2017,True,2026-07-01 13:16:48,2026-07-01
National Institute of Health (NIH),NIH-2126-health-70.png,https://www.nccih.nih.gov/about/budget/congressional/fy2017,https://web.archive.org/web/20260701131648/https://www.nccih.nih.gov/about/budget/congressional/fy2017,False,2026-07-01 13:16:48,2026-07-01
National Institute of Health (NIH),NIH-2126-health-72.png,https://www.nccih.nih.gov/about/budget/congressional/fy2017,https://web.archive.org/web/20260701131648/https://www.nccih.nih.gov/about/budget/congressional/fy2017,True,2026-07-01 13:16:48,2026-07-01
National Institute of Health (NIH),NIH-2126-health-73.png,https://www.nccih.nih.gov/about/budget/congressional/fy2017,https://web.archive.org/web/20260701131648/https://www.nccih.nih.gov/about/budget/congressional/fy2017,True,2026-07-01 13:16:48,2026-07-01
National Institute of Health (NIH),NIH-2126-health-74.png,https://www.nccih.nih.gov/about/budget/congressional/fy2017,https://web.archive.org/web/20260701131648/https://www.nccih.nih.gov/about/budget/congressional/fy2017,True,2026-07-01 13:16:48,2026-07-01
National Institute of Health (NIH),NIH-2127-health-11.png,https://www.nimh.nih.gov/about/budget/fy-2020-budget-congressional-justification,https://web.archive.org/web/20260701131715/https://www.nimh.nih.gov/about/budget/fy-2020-budget-congressional-justification,True,2026-07-01 13:17:15,2026-07-01
National Institute of Health (NIH),NIH-2127-health-10.png,https://www.nimh.nih.gov/about/budget/fy-2020-budget-congressional-justification,https://web.archive.org/web/20260701131715/https://www.nimh.nih.gov/about/budget/fy-2020-budget-congressional-justification,True,2026-07-01 13:17:15,2026-07-01
National Institute of Health (NIH),NIH-2127-health-9.png,https://www.nimh.nih.gov/about/budget/fy-2020-budget-congressional-justification,https://web.archive.org/web/20260701131715/https://www.nimh.nih.gov/about/budget/fy-2020-budget-congressional-justification,False,2026-07-01 13:17:15,2026-07-01
National Institute of Health (NIH),NIH-2127-health-57.jpg,https://www.nccih.nih.gov/about/budget/congressional/fy2018,https://web.archive.org/web/20260701131813/https://www.nccih.nih.gov/about/budget/congressional/fy2018,False,2026-07-01 13:18:13,2026-07-01
National Institute of Health (NIH),NIH-2127-health-56.jpg,https://www.nccih.nih.gov/about/budget/congressional/fy2018,https://web.archive.org/web/20260701131813/https://www.nccih.nih.gov/about/budget/congressional/fy2018,False,2026-07-01 13:18:13,2026-07-01
National Institute of Health (NIH),NIH-2127-health-58.jpg,https://www.nccih.nih.gov/about/budget/congressional/fy2018,https://web.archive.org/web/20260701131813/https://www.nccih.nih.gov/about/budget/congressional/fy2018,True,2026-07-01 13:18:13,2026-07-01
National Institute of Health (NIH),NIH-2128-health-35.jpg,https://www.niams.nih.gov/about/budget/fy2018/patterns,https://web.archive.org/web/20260701131837/https://www.niams.nih.gov/about/budget/fy2018/patterns,False,2026-07-01 13:18:37,2026-07-01
National Institute of Health (NIH),NIH-2129-health-32.jpg,https://www.niams.nih.gov/about/budget/fy2017/patterns,https://web.archive.org/web/20260701131945/https://www.niams.nih.gov/about/budget/fy2017/patterns,False,2026-07-01 13:19:45,2026-07-01
National Institute of Health (NIH),NIH-2129-health-33.jpg,https://www.niams.nih.gov/about/budget/fy2017/patterns,https://web.archive.org/web/20260701131945/https://www.niams.nih.gov/about/budget/fy2017/patterns,True,2026-07-01 13:19:45,2026-07-01
National Institute of Health (NIH),NIH-2129-health-34.jpg,https://www.niams.nih.gov/about/budget/fy2017/patterns,https://web.archive.org/web/20260701131945/https://www.niams.nih.gov/about/budget/fy2017/patterns,True,2026-07-01 13:19:45,2026-07-01
National Institute of Health (NIH),NIH-2129-health-45.jpg,https://www.niams.nih.gov/about/budget/fy2015/patterns,https://web.archive.org/web/20260701132015/https://www.niams.nih.gov/about/budget/fy2015/patterns,False,2026-07-01 13:20:15,2026-07-01
National Institute of Health (NIH),NIH-2130-health-15.png,https://www.nimh.nih.gov/about/budget/fy-2021-budget-congressional-justification,https://web.archive.org/web/20260701132014/https://www.nimh.nih.gov/about/budget/fy-2021-budget-congressional-justification,False,2026-07-01 13:20:14,2026-07-01
National Institute of Health (NIH),NIH-2130-health-18.png,https://www.nimh.nih.gov/about/budget/fy-2021-budget-congressional-justification,https://web.archive.org/web/20260701132014/https://www.nimh.nih.gov/about/budget/fy-2021-budget-congressional-justification,True,2026-07-01 13:20:14,2026-07-01
National Institute of Health (NIH),NIH-2129-health-18.jpg,https://www.niams.nih.gov/about/budget/fy2016/patterns,https://web.archive.org/web/20260701132041/https://www.niams.nih.gov/about/budget/fy2016/patterns,False,2026-07-01 13:20:41,2026-07-01
National Institute of Health (NIH),NIH-2131-health-12.jpg,https://nida.nih.gov/about-nida/legislative-activities/budget-information/fiscal-year-2023-budget-information-congressional-justification-national-institute-drug-abuse,https://web.archive.org/web/20260701132042/https://nida.nih.gov/about-nida/legislative-activities/budget-information/fiscal-year-2023-budget-information-congressional-justification-national-institute-drug-abuse,False,2026-07-01 13:20:42,2026-07-01
National Institute of Health (NIH),NIH-2131-health-22.jpg,https://nida.nih.gov/about-nida/legislative-activities/budget-information/fiscal-year-2023-budget-information-congressional-justification-national-institute-drug-abuse,https://web.archive.org/web/20260701132042/https://nida.nih.gov/about-nida/legislative-activities/budget-information/fiscal-year-2023-budget-information-congressional-justification-national-institute-drug-abuse,True,2026-07-01 13:20:42,2026-07-01
National Institute of Health (NIH),NIH-2132-health-15.png,https://www.nlm.nih.gov/about/2017CJ.html,https://web.archive.org/web/20260701132118/https://www.nlm.nih.gov/about/2017CJ.html,False,2026-07-01 13:21:18,2026-07-01
National Institute of Health (NIH),NIH-2132-health-17.png,https://www.nlm.nih.gov/about/2017CJ.html,https://web.archive.org/web/20260701132118/https://www.nlm.nih.gov/about/2017CJ.html,True,2026-07-01 13:21:18,2026-07-01
National Institute of Health (NIH),NIH-2132-health-29.png,https://www.nlm.nih.gov/about/2015CJ.html,https://web.archive.org/web/20260701132151/https://www.nlm.nih.gov/about/2015CJ.html,True,2026-07-01 13:21:51,2026-07-01
National Institute of Health (NIH),NIH-2132-health-28.png,https://www.nlm.nih.gov/about/2015CJ.html,https://web.archive.org/web/20260701132151/https://www.nlm.nih.gov/about/2015CJ.html,False,2026-07-01 13:21:51,2026-07-01
National Institute of Health (NIH),NIH-2132-health-31.png,https://www.nlm.nih.gov/about/2015CJ.html,https://web.archive.org/web/20260701132151/https://www.nlm.nih.gov/about/2015CJ.html,True,2026-07-01 13:21:51,2026-07-01
National Institute of Health (NIH),NIH-2132-health-55.jpg,https://www.niehs.nih.gov/research/atniehs/labs/gisbl/pi/mgd,https://web.archive.org/web/20260701132214/https://www.niehs.nih.gov/research/atniehs/labs/gisbl/mgd,False,2026-07-01 13:22:14,2026-07-01
National Institute of Health (NIH),NIH-2133-health-47.png,https://www.nlm.nih.gov/about/2016CJ.html,https://web.archive.org/web/20260701132311/https://www.nlm.nih.gov/about/2016CJ.html,False,2026-07-01 13:23:11,2026-07-01
National Institute of Health (NIH),NIH-2133-health-14.jpg,https://nida.nih.gov/about-nida/legislative-activities/budget-information/fiscal-year-2022-budget-information-congressional-justification-national-institute-drug-abuse,https://web.archive.org/web/20260701132313/https://nida.nih.gov/about-nida/legislative-activities/budget-information/fiscal-year-2022-budget-information-congressional-justification-national-institute-drug-abuse,False,2026-07-01 13:23:13,2026-07-01
National Institute of Health (NIH),NIH-2133-health-13.jpg,https://nida.nih.gov/about-nida/legislative-activities/budget-information/fiscal-year-2022-budget-information-congressional-justification-national-institute-drug-abuse,https://web.archive.org/web/20260701132313/https://nida.nih.gov/about-nida/legislative-activities/budget-information/fiscal-year-2022-budget-information-congressional-justification-national-institute-drug-abuse,False,2026-07-01 13:23:13,2026-07-01
National Institute of Health (NIH),NIH-2133-health-70.jpg,https://www.nimh.nih.gov/about/budget/fy-2024-budget-congressional-justification,https://web.archive.org/web/20260701132445/https://www.nimh.nih.gov/about/budget/fy-2024-budget-congressional-justification,True,2026-07-01 13:24:45,2026-07-01
National Institute of Health (NIH),NIH-2133-health-67.jpg,https://www.nimh.nih.gov/about/budget/fy-2024-budget-congressional-justification,https://web.archive.org/web/20260701132445/https://www.nimh.nih.gov/about/budget/fy-2024-budget-congressional-justification,False,2026-07-01 13:24:45,2026-07-01
National Institute of Health (NIH),NIH-2134-health-22.jpg,https://nida.nih.gov/about-nida/legislative-activities/budget-information/fiscal-year-2025-budget-information-congressional-justification-national-institute-drug-abuse,https://web.archive.org/web/20260701132455/https://nida.nih.gov/about-nida/legislative-activities/budget-information/fiscal-year-2025-budget-information-congressional-justification-national-institute-drug-abuse,True,2026-07-01 13:24:55,2026-07-01
National Institute of Health (NIH),NIH-2134-health-19.jpg,https://nida.nih.gov/about-nida/legislative-activities/budget-information/fiscal-year-2025-budget-information-congressional-justification-national-institute-drug-abuse,https://web.archive.org/web/20260701132455/https://nida.nih.gov/about-nida/legislative-activities/budget-information/fiscal-year-2025-budget-information-congressional-justification-national-institute-drug-abuse,True,2026-07-01 13:24:55,2026-07-01
National Institute of Health (NIH),NIH-2134-health-15.jpg,https://nida.nih.gov/about-nida/legislative-activities/budget-information/fiscal-year-2025-budget-information-congressional-justification-national-institute-drug-abuse,https://web.archive.org/web/20260701132455/https://nida.nih.gov/about-nida/legislative-activities/budget-information/fiscal-year-2025-budget-information-congressional-justification-national-institute-drug-abuse,False,2026-07-01 13:24:55,2026-07-01
National Institute of Health (NIH),NIH-2134-health-23.jpg,https://nida.nih.gov/about-nida/legislative-activities/budget-information/fiscal-year-2025-budget-information-congressional-justification-national-institute-drug-abuse,https://web.archive.org/web/20260701132455/https://nida.nih.gov/about-nida/legislative-activities/budget-information/fiscal-year-2025-budget-information-congressional-justification-national-institute-drug-abuse,True,2026-07-01 13:24:55,2026-07-01
National Institute of Health (NIH),NIH-2134-health-27.jpg,https://nida.nih.gov/about-nida/legislative-activities/budget-information/fiscal-year-2024-budget-information-congressional-justification-national-institute-drug-abuse,https://web.archive.org/web/20260701132521/https://nida.nih.gov/about-nida/legislative-activities/budget-information/fiscal-year-2024-budget-information-congressional-justification-national-institute-drug-abuse,False,2026-07-01 13:25:21,2026-07-01
National Institute of Health (NIH),NIH-2134-health-31.jpg,https://nida.nih.gov/about-nida/legislative-activities/budget-information/fiscal-year-2024-budget-information-congressional-justification-national-institute-drug-abuse,https://web.archive.org/web/20260701132521/https://nida.nih.gov/about-nida/legislative-activities/budget-information/fiscal-year-2024-budget-information-congressional-justification-national-institute-drug-abuse,True,2026-07-01 13:25:21,2026-07-01
National Institute of Health (NIH),NIH-2134-health-35.jpg,https://nida.nih.gov/about-nida/legislative-activities/budget-information/fiscal-year-2024-budget-information-congressional-justification-national-institute-drug-abuse,https://web.archive.org/web/20260701132521/https://nida.nih.gov/about-nida/legislative-activities/budget-information/fiscal-year-2024-budget-information-congressional-justification-national-institute-drug-abuse,True,2026-07-01 13:25:21,2026-07-01
National Institute of Health (NIH),NIH-2136-health-43.jpeg,https://www.nccih.nih.gov/about/budget/congressional/fy2023,https://web.archive.org/web/20260701132643/https://www.nccih.nih.gov/about/budget/congressional/fy2023,False,2026-07-01 13:26:43,2026-07-01
National Institute of Health (NIH),NIH-2136-health-50.jpeg,https://www.nccih.nih.gov/about/budget/congressional/fy2023,https://web.archive.org/web/20260701132643/https://www.nccih.nih.gov/about/budget/congressional/fy2023,False,2026-07-01 13:26:43,2026-07-01
National Institute of Health (NIH),NIH-2136-health-51.jpeg,https://www.nccih.nih.gov/about/budget/congressional/fy2023,https://web.archive.org/web/20260701132643/https://www.nccih.nih.gov/about/budget/congressional/fy2023,True,2026-07-01 13:26:43,2026-07-01
National Institute of Health (NIH),NIH-2136-health-53.jpeg,https://www.nccih.nih.gov/about/budget/congressional/fy2023,https://web.archive.org/web/20260701132643/https://www.nccih.nih.gov/about/budget/congressional/fy2023,True,2026-07-01 13:26:43,2026-07-01
National Institute of Health (NIH),NIH-2136-health-58.png,https://www.nccih.nih.gov/about/budget/congressional/fy2022,https://web.archive.org/web/20260701132717/https://www.nccih.nih.gov/about/budget/congressional/fy2022,False,2026-07-01 13:27:17,2026-07-01
National Institute of Health (NIH),NIH-2136-health-7.jpg,https://dpcpsi.nih.gov/oepr/crs/summary/2015,https://web.archive.org/web/20260701132721/https://dpcpsi.nih.gov/oepr/crs/summary/2015,False,2026-07-01 13:27:21,2026-07-01
National Institute of Health (NIH),NIH-2141-health-36.jpg,https://www.niams.nih.gov/about/budget/fy2022/congressional-justification,https://web.archive.org/web/20260701132812/https://www.niams.nih.gov/about/budget/fy2022/congressional-justification,False,2026-07-01 13:28:12,2026-07-01
National Institute of Health (NIH),NIH-2141-health-33.jpg,https://www.niams.nih.gov/about/budget/fy2022/congressional-justification,https://web.archive.org/web/20260701132812/https://www.niams.nih.gov/about/budget/fy2022/congressional-justification,False,2026-07-01 13:28:12,2026-07-01
