Organization Name,Cluster
National Cancer Institute ,1
National Institute of General Medical Sciences,1
American Cancer Society,2
Centers for Medicare & Medicaid Services (CMS),2
Fogarty International Center,2
National Institute of Deafness and Other Communication Disorders,2
National Institute of Health (NIH),2
National Institute of Mental Health,2
National Institute on Minority Health and Health Disparities,2
Office of Inspector General (OIG),2
St. Jude Children's Research Hospital,2
Substance Abuse and Mental Health Services Administration (SAMHSA),2
Health Resources and Services Administration (HRSA),3
National Institute of Dental and Craniofacial Research,3
Providence St. Joseph Health,3
World Food Programme,3
Agency for Toxic Substances and Disease Registry (ATSDR),4
Alzheimer's Association,4
Dana-Farber Cancer Institute,4
Indian Health Service (IHS),4
Michael J. Fox Foundation for Parkinson's Research,4
"National Heart, Lung, and Blood Institute",4
National Institute of Allergy and Infectious Diseases,4
National Institute of Biomedical Imaging and Bioengineering,4
Pan American Health Organization,4
National Eye Institute,5
